id,device_id,type,name,description,ownership,device_type_id,model,vendor,calibration_info,manufacturer,serial_number,location,pond_id,firmware_version,hardware_version,ip_address,mac_address,config_json,tags,installed_at,last_maintenance_at,next_maintenance_at,warranty_expires_at,retired_at,updated_at,status,priority,created_at,switch_status
1,d4704b4d-87ad-11f0-bbdc-00163e010df2,,feed_robot,Automated feeding robot for aquaculture,farm_001,1,FR-2000,,,AquaTech,FR2000-001,Pond Area A,1,v2.1.3,HW-2.0,192.168.1.101,00:1A:2B:3C:4D:01,"{""portion_size"": ""500g"", ""feed_schedule"": ""08:00,12:00,18:00""}","automation,feeding,critical",2024-01-15 09:00:00,2024-08-15 09:00:00,2025-02-15 09:00:00,2027-01-15 23:59:59,,2025-11-13 10:03:10,active,medium,2025-09-02 11:35:11,on
2,d4705121-87ad-11f0-bbdc-00163e010df2,,camera,Monitoring camera for pond surveillance,farm_001,2,CAM-HD1080,,,VisionPro,CAM1080-002,Monitoring Tower,1,v1.8.2,HW-1.5,192.168.1.102,00:1A:2B:3C:4D:02,"{""fps"": 30, ""resolution"": ""1920x1080"", ""night_vision"": true}","monitoring,security,surveillance",2024-02-01 10:30:00,2024-07-01 10:30:00,2025-01-01 10:30:00,2027-02-01 23:59:59,,2025-09-06 12:16:31,active,medium,2025-09-02 11:35:11,on
3,d4705297-87ad-11f0-bbdc-00163e010df2,,elevator,Water level elevator system,farm_001,1,ELV-500,,,HydroLift,ELV500-003,Water Control Station,1,v3.0.1,HW-3.0,192.168.1.103,00:1A:2B:3C:4D:03,"{""speed"": ""0.5m/s"", ""max_height"": ""5m""}","water_control,mechanical",2024-01-20 14:00:00,2024-08-20 14:00:00,2025-02-20 14:00:00,2029-01-20 23:59:59,,2025-09-02 11:35:11,active,medium,2025-09-02 11:35:11,off
4,d470536f-87ad-11f0-bbdc-00163e010df2,,water pump,Water circulation pump,farm_001,1,WP-3000,,,FlowMaster,WP3000-004,Pump House,1,v2.5.0,HW-2.2,192.168.1.104,00:1A:2B:3C:4D:04,"{""pressure"": ""2.5bar"", ""flow_rate"": ""3000L/h""}","circulation,critical,maintenance",2024-01-10 08:00:00,2024-08-10 08:00:00,2025-02-10 08:00:00,2026-01-10 23:59:59,,2025-09-02 11:35:11,active,high,2025-09-02 11:35:11,off
5,d4705519-87ad-11f0-bbdc-00163e010df2,,air pump,Aeration pump for oxygen supply,farm_001,1,AP-1500,,,AirFlow,AP1500-005,Aeration Station,1,v1.9.4,HW-1.8,192.168.1.105,00:1A:2B:3C:4D:05,"{""air_flow"": ""1500L/min"", ""pressure"": ""1.2bar""}","aeration,critical,oxygen",2024-01-12 11:00:00,2024-08-12 11:00:00,2025-02-12 11:00:00,2026-01-12 23:59:59,,2025-09-03 18:17:27,active,high,2025-09-02 11:35:11,off
15920996,feeder_15920996,,喂食机 15920996,,系统自动创建,,,,,,,,,,,,,,,,,,,,2025-12-27 14:49:38,active,medium,2025-12-27 14:49:38,off
17908605,feeder_17908605,,喂食机 17908605,,系统自动创建,,,,,,,,,,,,,,,,,,,,2025-12-05 18:42:41,active,medium,2025-12-05 18:42:41,off
22806608,feeder_22806608,,喂食机 22806608,,系统自动创建,,,,,,,,,,,,,,,,,,,,2025-12-09 10:29:57,active,medium,2025-12-09 10:29:57,off
25616558,feeder_25616558,,喂食机 25616558,,系统自动创建,,,,,,,,,,,,,,,,,,,,2025-12-10 16:34:02,active,medium,2025-12-10 16:34:02,off
53346142,feeder_53346142,,喂食机 53346142,,系统自动创建,,,,,,,,,,,,,,,,,,,,2025-12-08 23:39:41,active,medium,2025-12-08 23:39:41,off
57797421,feeder_57797421,,喂食机 57797421,,系统自动创建,,,,,,,,,,,,,,,,,,,,2025-12-04 20:59:15,active,medium,2025-12-04 20:59:15,off
60725255,feeder_60725255,,喂食机 60725255,,系统自动创建,,,,,,,,,,,,,,,,,,,,2025-12-09 18:20:16,active,medium,2025-12-09 18:20:16,off
67227110,feeder_67227110,,喂食机 67227110,,系统自动创建,,,,,,,,,,,,,,,,,,,,2025-12-09 11:19:58,active,medium,2025-12-09 11:19:58,off
76035821,feeder_76035821,,喂食机 76035821,,系统自动创建,,,,,,,,,,,,,,,,,,,,2025-12-15 14:23:08,active,medium,2025-12-15 14:23:08,off
112524689,feeder_112524689,,喂食机 112524689,,系统自动创建,,,,,,,,,,,,,,,,,,,,2025-12-27 13:59:53,active,medium,2025-12-27 13:59:53,off
126437392,feeder_126437392,,喂食机 126437392,,系统自动创建,,,,,,,,,,,,,,,,,,,,2025-12-04 18:39:16,active,medium,2025-12-04 18:39:16,off
159458988,feeder_159458988,,喂食机 159458988,,系统自动创建,,,,,,,,,,,,,,,,,,,,2025-12-16 10:43:40,active,medium,2025-12-16 10:43:40,off
178533768,feeder_178533768,,喂食机 178533768,,系统自动创建,,,,,,,,,,,,,,,,,,,,2025-12-18 10:37:40,active,medium,2025-12-18 10:37:40,off
178963005,feeder_178963005,,喂食机 178963005,,系统自动创建,,,,,,,,,,,,,,,,,,,,2025-12-19 10:02:10,active,medium,2025-12-19 10:02:10,off
231221883,feeder_231221883,,喂食机 231221883,,系统自动创建,,,,,,,,,,,,,,,,,,,,2025-12-11 10:19:49,active,medium,2025-12-11 10:19:49,off
235183619,feeder_235183619,,喂食机 235183619,,系统自动创建,,,,,,,,,,,,,,,,,,,,2025-12-09 01:39:03,active,medium,2025-12-09 01:39:03,off
236924343,feeder_236924343,,喂食机 236924343,,系统自动创建,,,,,,,,,,,,,,,,,,,,2025-12-15 13:33:06,active,medium,2025-12-15 13:33:06,off
255430451,feeder_255430451,,喂食机 255430451,,系统自动创建,,,,,,,,,,,,,,,,,,,,2025-12-05 16:56:50,active,medium,2025-12-05 16:56:50,off
259286059,feeder_259286059,,喂食机 259286059,,系统自动创建,,,,,,,,,,,,,,,,,,,,2025-12-27 14:09:37,active,medium,2025-12-27 14:09:37,off
287534188,feeder_287534188,,喂食机 287534188,,系统自动创建,,,,,,,,,,,,,,,,,,,,2025-12-15 18:33:15,active,medium,2025-12-15 18:33:15,off
306290981,feeder_306290981,,喂食机 306290981,,系统自动创建,,,,,,,,,,,,,,,,,,,,2025-12-10 18:23:11,active,medium,2025-12-10 18:23:11,off
310682226,feeder_310682226,,喂食机 310682226,,系统自动创建,,,,,,,,,,,,,,,,,,,,2025-12-10 10:51:14,active,medium,2025-12-10 10:51:14,off
311150980,feeder_311150980,,喂食机 311150980,,系统自动创建,,,,,,,,,,,,,,,,,,,,2025-12-08 10:07:58,active,medium,2025-12-08 10:07:58,off
331847552,feeder_331847552,,喂食机 331847552,,系统自动创建,,,,,,,,,,,,,,,,,,,,2025-12-17 13:27:04,active,medium,2025-12-17 13:27:04,off
348162994,feeder_348162994,,喂食机 348162994,,系统自动创建,,,,,,,,,,,,,,,,,,,,2025-12-22 14:03:49,active,medium,2025-12-22 14:03:49,off
366737186,feeder_366737186,,喂食机 366737186,,系统自动创建,,,,,,,,,,,,,,,,,,,,2025-12-09 17:50:13,active,medium,2025-12-09 17:50:13,off
367273980,feeder_367273980,,喂食机 367273980,,系统自动创建,,,,,,,,,,,,,,,,,,,,2025-12-23 16:53:43,active,medium,2025-12-23 16:53:43,off
368786230,feeder_368786230,,喂食机 368786230,,系统自动创建,,,,,,,,,,,,,,,,,,,,2025-12-10 14:29:57,active,medium,2025-12-10 14:29:57,off
381977931,feeder_381977931,,喂食机 381977931,,系统自动创建,,,,,,,,,,,,,,,,,,,,2025-12-19 16:11:49,active,medium,2025-12-19 16:11:49,off
394387708,feeder_394387708,,喂食机 394387708,,系统自动创建,,,,,,,,,,,,,,,,,,,,2025-12-05 16:46:50,active,medium,2025-12-05 16:46:50,off
418837333,feeder_418837333,,喂食机 418837333,,系统自动创建,,,,,,,,,,,,,,,,,,,,2025-12-09 16:30:08,active,medium,2025-12-09 16:30:08,off
451812577,feeder_451812577,,喂食机 451812577,,系统自动创建,,,,,,,,,,,,,,,,,,,,2025-12-22 13:23:48,active,medium,2025-12-22 13:23:48,off
496444725,feeder_496444725,,喂食机 496444725,,系统自动创建,,,,,,,,,,,,,,,,,,,,2025-12-09 15:00:03,active,medium,2025-12-09 15:00:03,off
498148012,feeder_498148012,,喂食机 498148012,,系统自动创建,,,,,,,,,,,,,,,,,,,,2026-01-05 10:59:04,active,medium,2026-01-05 10:59:04,off
500477854,feeder_500477854,,喂食机 500477854,,系统自动创建,,,,,,,,,,,,,,,,,,,,2025-12-05 17:46:40,active,medium,2025-12-05 17:46:40,off
562217722,feeder_562217722,,喂食机 562217722,,系统自动创建,,,,,,,,,,,,,,,,,,,,2025-12-09 16:20:08,active,medium,2025-12-09 16:20:08,off
604196480,feeder_604196480,,喂食机 604196480,,系统自动创建,,,,,,,,,,,,,,,,,,,,2026-01-05 10:49:03,active,medium,2026-01-05 10:49:03,off
615689741,feeder_615689741,,喂食机 615689741,,系统自动创建,,,,,,,,,,,,,,,,,,,,2025-12-10 11:41:17,active,medium,2025-12-10 11:41:17,off
625100787,feeder_625100787,,喂食机 625100787,,系统自动创建,,,,,,,,,,,,,,,,,,,,2025-12-22 14:23:50,active,medium,2025-12-22 14:23:50,off
625572108,feeder_625572108,,喂食机 625572108,,系统自动创建,,,,,,,,,,,,,,,,,,,,2025-12-27 14:59:38,active,medium,2025-12-27 14:59:38,off
625696254,feeder_625696254,,喂食机 625696254,,系统自动创建,,,,,,,,,,,,,,,,,,,,2025-12-09 14:50:02,active,medium,2025-12-09 14:50:02,off
641403702,feeder_641403702,,喂食机 641403702,,系统自动创建,,,,,,,,,,,,,,,,,,,,2025-12-09 10:59:58,active,medium,2025-12-09 10:59:58,off
646460124,feeder_646460124,,喂食机 646460124,,系统自动创建,,,,,,,,,,,,,,,,,,,,2025-12-09 11:09:58,active,medium,2025-12-09 11:09:58,off
647307235,feeder_647307235,,喂食机 647307235,,系统自动创建,,,,,,,,,,,,,,,,,,,,2025-12-22 13:44:13,active,medium,2025-12-22 13:44:13,off
684642289,feeder_684642289,,喂食机 684642289,,系统自动创建,,,,,,,,,,,,,,,,,,,,2025-12-10 14:34:12,active,medium,2025-12-10 14:34:12,off
712077217,feeder_712077217,,喂食机 712077217,,系统自动创建,,,,,,,,,,,,,,,,,,,,2025-12-09 01:29:03,active,medium,2025-12-09 01:29:03,off
753313134,feeder_753313134,,喂食机 753313134,,系统自动创建,,,,,,,,,,,,,,,,,,,,2025-12-05 17:34:13,active,medium,2025-12-05 17:34:13,off
755565015,feeder_755565015,,喂食机 755565015,,系统自动创建,,,,,,,,,,,,,,,,,,,,2025-12-09 10:49:57,active,medium,2025-12-09 10:49:57,off
786682299,feeder_786682299,,喂食机 786682299,,系统自动创建,,,,,,,,,,,,,,,,,,,,2025-12-10 19:03:12,active,medium,2025-12-10 19:03:12,off
801515578,feeder_801515578,,喂食机 801515578,,系统自动创建,,,,,,,,,,,,,,,,,,,,2025-12-08 18:18:06,active,medium,2025-12-08 18:18:06,off
813840654,feeder_813840654,,喂食机 813840654,,系统自动创建,,,,,,,,,,,,,,,,,,,,2025-12-09 10:09:57,active,medium,2025-12-09 10:09:57,off
833749023,feeder_833749023,,喂食机 833749023,,系统自动创建,,,,,,,,,,,,,,,,,,,,2026-01-05 12:09:08,active,medium,2026-01-05 12:09:08,off
836651262,feeder_836651262,,喂食机 836651262,,系统自动创建,,,,,,,,,,,,,,,,,,,,2026-01-08 16:14:01,active,medium,2026-01-08 16:14:01,off
838296056,feeder_838296056,,喂食机 838296056,,系统自动创建,,,,,,,,,,,,,,,,,,,,2025-12-19 16:02:34,active,medium,2025-12-19 16:02:34,off
840087459,feeder_840087459,,喂食机 840087459,,系统自动创建,,,,,,,,,,,,,,,,,,,,2025-12-27 14:29:37,active,medium,2025-12-27 14:29:37,off
858601108,feeder_858601108,,喂食机 858601108,,系统自动创建,,,,,,,,,,,,,,,,,,,,2025-12-18 13:47:16,active,medium,2025-12-18 13:47:16,off
895883198,feeder_895883198,,喂食机 895883198,,系统自动创建,,,,,,,,,,,,,,,,,,,,2025-12-09 00:29:02,active,medium,2025-12-09 00:29:02,off
906478951,feeder_906478951,,喂食机 906478951,,系统自动创建,,,,,,,,,,,,,,,,,,,,2025-12-09 18:10:14,active,medium,2025-12-09 18:10:14,off
932258922,feeder_932258922,,喂食机 932258922,,系统自动创建,,,,,,,,,,,,,,,,,,,,2025-12-17 13:37:04,active,medium,2025-12-17 13:37:04,off
948835418,feeder_948835418,,喂食机 948835418,,系统自动创建,,,,,,,,,,,,,,,,,,,,2025-12-04 19:28:42,active,medium,2025-12-04 19:28:42,off
969021071,feeder_969021071,,喂食机 969021071,,系统自动创建,,,,,,,,,,,,,,,,,,,,2025-12-27 14:39:37,active,medium,2025-12-27 14:39:37,off
990499649,feeder_990499649,,喂食机 990499649,,系统自动创建,,,,,,,,,,,,,,,,,,,,2025-12-09 18:30:16,active,medium,2025-12-09 18:30:16,off
997041478,feeder_997041478,,喂食机 997041478,,系统自动创建,,,,,,,,,,,,,,,,,,,,2025-12-05 10:26:38,active,medium,2025-12-05 10:26:38,off
